{"cameraMode":{"drawMode":0,"name":"Shaded","section":"Shading Mode"},"sceneLighting":false,"audioPlay":false,"sceneViewState":{"showFog":true,"showMaterialUpdate":false,"showSkybox":false,"showFlares":true,"showImageEffects":true,"showParticleSystems":true},"in2DMode":false,"pivot":{"x":-4.570000171661377,"y":8.579999923706055,"z":-2.0339999198913576},"rotation":{"x":-0.11894272267818451,"y":0.13273033499717713,"z":-0.016045672819018365,"w":-0.9838622212409973},"size":22.0,"orthographic":false}